{
  "accuracy": 0.9874368009805423,
  "train_samples": 52213,
  "test_samples": 13054,
  "labels": [
    "A",
    "B",
    "C",
    "D",
    "E",
    "F",
    "G",
    "H",
    "I",
    "K",
    "L",
    "M",
    "N",
    "NOTHING",
    "O",
    "P",
    "Q",
    "R",
    "S",
    "SPACE",
    "T",
    "U",
    "V",
    "W",
    "X",
    "Y"
  ],
  "filtered_rare_labels": [],
  "classification_report": {
    "A": {
      "precision": 0.9964788732394366,
      "recall": 0.9982363315696648,
      "f1-score": 0.9973568281938326,
      "support": 567.0
    },
    "B": {
      "precision": 0.9896193771626297,
      "recall": 0.9982547993019197,
      "f1-score": 0.9939183318853171,
      "support": 573.0
    },
    "C": {
      "precision": 0.9874326750448833,
      "recall": 0.9981851179673321,
      "f1-score": 0.9927797833935018,
      "support": 551.0
    },
    "D": {
      "precision": 0.9964221824686941,
      "recall": 0.9875886524822695,
      "f1-score": 0.9919857524487978,
      "support": 564.0
    },
    "E": {
      "precision": 0.9876977152899824,
      "recall": 0.9929328621908127,
      "f1-score": 0.9903083700440528,
      "support": 566.0
    },
    "F": {
      "precision": 0.9948717948717949,
      "recall": 0.9948717948717949,
      "f1-score": 0.9948717948717949,
      "support": 585.0
    },
    "G": {
      "precision": 0.9947183098591549,
      "recall": 1.0,
      "f1-score": 0.9973521624007061,
      "support": 565.0
    },
    "H": {
      "precision": 1.0,
      "recall": 0.9928571428571429,
      "f1-score": 0.996415770609319,
      "support": 560.0
    },
    "I": {
      "precision": 0.9879032258064516,
      "recall": 0.98989898989899,
      "f1-score": 0.9889001009081736,
      "support": 495.0
    },
    "K": {
      "precision": 0.9892665474060823,
      "recall": 0.992818671454219,
      "f1-score": 0.9910394265232975,
      "support": 557.0
    },
    "L": {
      "precision": 1.0,
      "recall": 0.9855595667870036,
      "f1-score": 0.9927272727272727,
      "support": 554.0
    },
    "M": {
      "precision": 0.8949771689497716,
      "recall": 0.9631449631449631,
      "f1-score": 0.927810650887574,
      "support": 407.0
    },
    "N": {
      "precision": 0.9755434782608695,
      "recall": 0.9042821158690176,
      "f1-score": 0.938562091503268,
      "support": 397.0
    },
    "O": {
      "precision": 0.9784313725490196,
      "recall": 0.9940239043824701,
      "f1-score": 0.9861660079051383,
      "support": 502.0
    },
    "P": {
      "precision": 0.9941520467836257,
      "recall": 0.9922178988326849,
      "f1-score": 0.9931840311587147,
      "support": 514.0
    },
    "Q": {
      "precision": 0.989648033126294,
      "recall": 0.9937629937629938,
      "f1-score": 0.991701244813278,
      "support": 481.0
    },
    "R": {
      "precision": 0.9830188679245283,
      "recall": 0.9923809523809524,
      "f1-score": 0.9876777251184834,
      "support": 525.0
    },
    "S": {
      "precision": 0.9921414538310412,
      "recall": 0.9805825242718447,
      "f1-score": 0.986328125,
      "support": 515.0
    },
    "SPACE": {
      "precision": 0.9808612440191388,
      "recall": 0.9927360774818402,
      "f1-score": 0.98676293622142,
      "support": 413.0
    },
    "T": {
      "precision": 0.9920792079207921,
      "recall": 0.9960238568588469,
      "f1-score": 0.9940476190476191,
      "support": 503.0
    },
    "U": {
      "precision": 0.9866920152091255,
      "recall": 0.9737335834896811,
      "f1-score": 0.9801699716713881,
      "support": 533.0
    },
    "V": {
      "precision": 0.990530303030303,
      "recall": 0.9830827067669173,
      "f1-score": 0.9867924528301887,
      "support": 532.0
    },
    "W": {
      "precision": 0.9962962962962963,
      "recall": 0.9889705882352942,
      "f1-score": 0.992619926199262,
      "support": 544.0
    },
    "X": {
      "precision": 0.9908925318761385,
      "recall": 0.9872958257713249,
      "f1-score": 0.9890909090909091,
      "support": 551.0
    },
    "Y": {
      "precision": 0.9919354838709677,
      "recall": 0.984,
      "f1-score": 0.9879518072289156,
      "support": 500.0
    },
    "accuracy": 0.9874368009805423,
    "macro avg": {
      "precision": 0.9864644081918809,
      "recall": 0.9862976768251991,
      "f1-score": 0.9862608437072891,
      "support": 13054.0
    },
    "weighted avg": {
      "precision": 0.9876578899639689,
      "recall": 0.9874368009805423,
      "f1-score": 0.9874510856753379,
      "support": 13054.0
    }
  },
  "model_output_path": "/home/senamorsin/Desktop/conference/models/letters/asl_letters_random_forest.joblib",
  "backend": "random_forest",
  "device": "cpu"
}