{
  "accuracy": 0.9879898862199747,
  "train_samples": 44293,
  "test_samples": 11074,
  "labels": [
    "A",
    "B",
    "C",
    "D",
    "E",
    "F",
    "G",
    "H",
    "I",
    "K",
    "L",
    "M",
    "N",
    "O",
    "P",
    "Q",
    "R",
    "S",
    "T",
    "U",
    "V",
    "W",
    "X",
    "Y"
  ],
  "filtered_rare_labels": [
    "NOTHING"
  ],
  "classification_report": {
    "A": {
      "precision": 0.9885844748858448,
      "recall": 0.9931192660550459,
      "f1-score": 0.9908466819221968,
      "support": 436.0
    },
    "B": {
      "precision": 0.9932279909706546,
      "recall": 1.0,
      "f1-score": 0.9966024915062288,
      "support": 440.0
    },
    "C": {
      "precision": 0.9848866498740554,
      "recall": 0.9974489795918368,
      "f1-score": 0.991128010139417,
      "support": 392.0
    },
    "D": {
      "precision": 0.9917864476386037,
      "recall": 0.9837067209775967,
      "f1-score": 0.9877300613496932,
      "support": 491.0
    },
    "E": {
      "precision": 0.9913232104121475,
      "recall": 0.9913232104121475,
      "f1-score": 0.9913232104121475,
      "support": 461.0
    },
    "F": {
      "precision": 0.9947643979057592,
      "recall": 0.9947643979057592,
      "f1-score": 0.9947643979057592,
      "support": 573.0
    },
    "G": {
      "precision": 0.9857142857142858,
      "recall": 0.9938271604938271,
      "f1-score": 0.9897540983606558,
      "support": 486.0
    },
    "H": {
      "precision": 0.9957537154989384,
      "recall": 0.9873684210526316,
      "f1-score": 0.9915433403805497,
      "support": 475.0
    },
    "I": {
      "precision": 0.9808510638297873,
      "recall": 0.9684873949579832,
      "f1-score": 0.9746300211416491,
      "support": 476.0
    },
    "K": {
      "precision": 0.9962825278810409,
      "recall": 0.9925925925925926,
      "f1-score": 0.9944341372912802,
      "support": 540.0
    },
    "L": {
      "precision": 0.998003992015968,
      "recall": 0.9920634920634921,
      "f1-score": 0.9950248756218906,
      "support": 504.0
    },
    "M": {
      "precision": 0.9174041297935103,
      "recall": 0.971875,
      "f1-score": 0.9438543247344461,
      "support": 320.0
    },
    "N": {
      "precision": 0.9583333333333334,
      "recall": 0.9019607843137255,
      "f1-score": 0.9292929292929293,
      "support": 255.0
    },
    "O": {
      "precision": 0.9889624724061811,
      "recall": 0.9911504424778761,
      "f1-score": 0.9900552486187846,
      "support": 452.0
    },
    "P": {
      "precision": 0.9974874371859297,
      "recall": 0.9730392156862745,
      "f1-score": 0.9851116625310173,
      "support": 408.0
    },
    "Q": {
      "precision": 0.9680365296803652,
      "recall": 1.0,
      "f1-score": 0.9837587006960556,
      "support": 424.0
    },
    "R": {
      "precision": 0.9844961240310077,
      "recall": 0.9980353634577603,
      "f1-score": 0.9912195121951219,
      "support": 509.0
    },
    "S": {
      "precision": 0.9882352941176471,
      "recall": 0.9863013698630136,
      "f1-score": 0.9872673849167483,
      "support": 511.0
    },
    "T": {
      "precision": 0.9978632478632479,
      "recall": 0.9915074309978769,
      "f1-score": 0.9946751863684771,
      "support": 471.0
    },
    "U": {
      "precision": 0.9959595959595959,
      "recall": 0.9820717131474104,
      "f1-score": 0.9889669007021064,
      "support": 502.0
    },
    "V": {
      "precision": 0.9902534113060428,
      "recall": 0.996078431372549,
      "f1-score": 0.9931573802541545,
      "support": 510.0
    },
    "W": {
      "precision": 1.0,
      "recall": 0.9877800407331976,
      "f1-score": 0.9938524590163934,
      "support": 491.0
    },
    "X": {
      "precision": 0.9884526558891455,
      "recall": 0.9930394431554525,
      "f1-score": 0.9907407407407407,
      "support": 431.0
    },
    "Y": {
      "precision": 0.9961315280464217,
      "recall": 0.998062015503876,
      "f1-score": 0.9970958373668926,
      "support": 516.0
    },
    "accuracy": 0.9879898862199747,
    "macro avg": {
      "precision": 0.9863664381766464,
      "recall": 0.9860667869504969,
      "f1-score": 0.9861178997277222,
      "support": 11074.0
    },
    "weighted avg": {
      "precision": 0.9881247692828016,
      "recall": 0.9879898862199747,
      "f1-score": 0.9879857256026352,
      "support": 11074.0
    }
  },
  "model_output_path": "/home/senamorsin/Desktop/conference/models/letters/asl_letters_random_forest.joblib",
  "backend": "random_forest",
  "device": "cpu"
}