{
  "accuracy": 0.98650288140734,
  "train_samples": 52748,
  "test_samples": 13188,
  "labels": [
    "A",
    "B",
    "C",
    "D",
    "E",
    "F",
    "G",
    "H",
    "I",
    "K",
    "L",
    "M",
    "N",
    "NOTHING",
    "O",
    "P",
    "Q",
    "R",
    "S",
    "SPACE",
    "T",
    "U",
    "V",
    "W",
    "X",
    "Y"
  ],
  "filtered_rare_labels": [],
  "classification_report": {
    "A": {
      "precision": 0.9913194444444444,
      "recall": 0.9982517482517482,
      "f1-score": 0.9947735191637631,
      "support": 572.0
    },
    "B": {
      "precision": 0.993103448275862,
      "recall": 0.9965397923875432,
      "f1-score": 0.9948186528497409,
      "support": 578.0
    },
    "C": {
      "precision": 0.9982046678635548,
      "recall": 0.9982046678635548,
      "f1-score": 0.9982046678635548,
      "support": 557.0
    },
    "D": {
      "precision": 0.9964476021314387,
      "recall": 0.9842105263157894,
      "f1-score": 0.9902912621359223,
      "support": 570.0
    },
    "E": {
      "precision": 0.9895652173913043,
      "recall": 0.9947552447552448,
      "f1-score": 0.992153443766347,
      "support": 572.0
    },
    "F": {
      "precision": 0.9966044142614601,
      "recall": 0.9932318104906938,
      "f1-score": 0.9949152542372881,
      "support": 591.0
    },
    "G": {
      "precision": 0.9947552447552448,
      "recall": 0.9982456140350877,
      "f1-score": 0.9964973730297724,
      "support": 570.0
    },
    "H": {
      "precision": 0.9964601769911504,
      "recall": 0.9946996466431095,
      "f1-score": 0.995579133510168,
      "support": 566.0
    },
    "I": {
      "precision": 0.9802371541501976,
      "recall": 0.9900199600798403,
      "f1-score": 0.9851042701092354,
      "support": 501.0
    },
    "K": {
      "precision": 0.9911190053285968,
      "recall": 0.9928825622775801,
      "f1-score": 0.992,
      "support": 562.0
    },
    "L": {
      "precision": 0.9981949458483754,
      "recall": 0.9892665474060823,
      "f1-score": 0.9937106918238994,
      "support": 559.0
    },
    "M": {
      "precision": 0.9055299539170507,
      "recall": 0.9538834951456311,
      "f1-score": 0.9290780141843972,
      "support": 412.0
    },
    "N": {
      "precision": 0.9631578947368421,
      "recall": 0.912718204488778,
      "f1-score": 0.9372599231754162,
      "support": 401.0
    },
    "O": {
      "precision": 0.9712092130518234,
      "recall": 0.9980276134122288,
      "f1-score": 0.9844357976653697,
      "support": 507.0
    },
    "P": {
      "precision": 0.9866412213740458,
      "recall": 0.9961464354527938,
      "f1-score": 0.9913710450623202,
      "support": 519.0
    },
    "Q": {
      "precision": 0.9958592132505176,
      "recall": 0.9897119341563786,
      "f1-score": 0.9927760577915377,
      "support": 486.0
    },
    "R": {
      "precision": 0.9793233082706767,
      "recall": 0.9830188679245283,
      "f1-score": 0.9811676082862524,
      "support": 530.0
    },
    "S": {
      "precision": 0.9865125240847784,
      "recall": 0.982725527831094,
      "f1-score": 0.9846153846153847,
      "support": 521.0
    },
    "SPACE": {
      "precision": 0.9831730769230769,
      "recall": 0.9831730769230769,
      "f1-score": 0.9831730769230769,
      "support": 416.0
    },
    "T": {
      "precision": 0.9881889763779528,
      "recall": 0.9862475442043221,
      "f1-score": 0.9872173058013766,
      "support": 509.0
    },
    "U": {
      "precision": 0.9849056603773585,
      "recall": 0.9684601113172542,
      "f1-score": 0.9766136576239476,
      "support": 539.0
    },
    "V": {
      "precision": 0.9869646182495344,
      "recall": 0.9851301115241635,
      "f1-score": 0.986046511627907,
      "support": 538.0
    },
    "W": {
      "precision": 0.9926739926739927,
      "recall": 0.9854545454545455,
      "f1-score": 0.9890510948905109,
      "support": 550.0
    },
    "X": {
      "precision": 0.9945750452079566,
      "recall": 0.9892086330935251,
      "f1-score": 0.9918845807033363,
      "support": 556.0
    },
    "Y": {
      "precision": 0.9900990099009901,
      "recall": 0.9881422924901185,
      "f1-score": 0.9891196834817013,
      "support": 506.0
    },
    "accuracy": 0.98650288140734,
    "macro avg": {
      "precision": 0.9853930011935291,
      "recall": 0.9852942605569885,
      "f1-score": 0.9852743204128891,
      "support": 13188.0
    },
    "weighted avg": {
      "precision": 0.9866328543977033,
      "recall": 0.98650288140734,
      "f1-score": 0.986510580378944,
      "support": 13188.0
    }
  },
  "model_output_path": "/home/senamorsin/Desktop/conference/models/letters/asl_letters_combined_random_forest.joblib",
  "backend": "random_forest",
  "device": "cpu"
}