{
  "accuracy": 0.989030589494337,
  "train_samples": 44851,
  "test_samples": 11213,
  "labels": [
    "A",
    "B",
    "C",
    "D",
    "E",
    "F",
    "G",
    "H",
    "I",
    "K",
    "L",
    "M",
    "N",
    "O",
    "P",
    "Q",
    "R",
    "S",
    "T",
    "U",
    "V",
    "W",
    "X",
    "Y"
  ],
  "filtered_rare_labels": [
    "NOTHING"
  ],
  "classification_report": {
    "A": {
      "precision": 0.9932126696832579,
      "recall": 0.9909706546275395,
      "f1-score": 0.992090395480226,
      "support": 443.0
    },
    "B": {
      "precision": 0.9955357142857143,
      "recall": 0.9977628635346756,
      "f1-score": 0.9966480446927374,
      "support": 447.0
    },
    "C": {
      "precision": 0.9850374064837906,
      "recall": 0.9949622166246851,
      "f1-score": 0.9899749373433584,
      "support": 397.0
    },
    "D": {
      "precision": 0.9919191919191919,
      "recall": 0.9859437751004017,
      "f1-score": 0.9889224572004028,
      "support": 498.0
    },
    "E": {
      "precision": 0.9914346895074947,
      "recall": 0.9914346895074947,
      "f1-score": 0.9914346895074947,
      "support": 467.0
    },
    "F": {
      "precision": 0.996551724137931,
      "recall": 0.998272884283247,
      "f1-score": 0.997411561691113,
      "support": 579.0
    },
    "G": {
      "precision": 0.9979716024340771,
      "recall": 1.0,
      "f1-score": 0.9989847715736041,
      "support": 492.0
    },
    "H": {
      "precision": 0.9958592132505176,
      "recall": 0.9979253112033195,
      "f1-score": 0.9968911917098445,
      "support": 482.0
    },
    "I": {
      "precision": 0.9957894736842106,
      "recall": 0.9833679833679834,
      "f1-score": 0.9895397489539749,
      "support": 481.0
    },
    "K": {
      "precision": 0.9963302752293578,
      "recall": 0.9981617647058824,
      "f1-score": 0.9972451790633609,
      "support": 544.0
    },
    "L": {
      "precision": 0.9980314960629921,
      "recall": 0.990234375,
      "f1-score": 0.9941176470588236,
      "support": 512.0
    },
    "M": {
      "precision": 0.9130434782608695,
      "recall": 0.9752321981424149,
      "f1-score": 0.9431137724550899,
      "support": 323.0
    },
    "N": {
      "precision": 0.9637096774193549,
      "recall": 0.9192307692307692,
      "f1-score": 0.9409448818897638,
      "support": 260.0
    },
    "O": {
      "precision": 0.9804772234273319,
      "recall": 0.9890590809628009,
      "f1-score": 0.9847494553376906,
      "support": 457.0
    },
    "P": {
      "precision": 0.9975786924939467,
      "recall": 0.9951690821256038,
      "f1-score": 0.9963724304715841,
      "support": 414.0
    },
    "Q": {
      "precision": 0.9907407407407407,
      "recall": 1.0,
      "f1-score": 0.9953488372093023,
      "support": 428.0
    },
    "R": {
      "precision": 0.9788867562380038,
      "recall": 0.9883720930232558,
      "f1-score": 0.9836065573770492,
      "support": 516.0
    },
    "S": {
      "precision": 0.9845559845559846,
      "recall": 0.9883720930232558,
      "f1-score": 0.9864603481624759,
      "support": 516.0
    },
    "T": {
      "precision": 0.9957894736842106,
      "recall": 0.9916142557651991,
      "f1-score": 0.9936974789915967,
      "support": 477.0
    },
    "U": {
      "precision": 0.9821782178217822,
      "recall": 0.9763779527559056,
      "f1-score": 0.9792694965449161,
      "support": 508.0
    },
    "V": {
      "precision": 0.9903100775193798,
      "recall": 0.9922330097087378,
      "f1-score": 0.991270611057226,
      "support": 515.0
    },
    "W": {
      "precision": 0.997946611909651,
      "recall": 0.9798387096774194,
      "f1-score": 0.9888097660223805,
      "support": 496.0
    },
    "X": {
      "precision": 0.9885057471264368,
      "recall": 0.9817351598173516,
      "f1-score": 0.9851088201603666,
      "support": 438.0
    },
    "Y": {
      "precision": 1.0,
      "recall": 0.994263862332696,
      "f1-score": 0.99712368168744,
      "support": 523.0
    },
    "accuracy": 0.989030589494337,
    "macro avg": {
      "precision": 0.9875581724115096,
      "recall": 0.98752228268836,
      "f1-score": 0.9874640317350759,
      "support": 11213.0
    },
    "weighted avg": {
      "precision": 0.989176402022761,
      "recall": 0.989030589494337,
      "f1-score": 0.9890499092996068,
      "support": 11213.0
    }
  },
  "model_output_path": "/home/senamorsin/Desktop/conference/models/letters/asl_letters_combined_random_forest.joblib",
  "backend": "random_forest",
  "device": "cpu"
}