{
  "accuracy": 0.9895278505010382,
  "train_samples": 44304,
  "test_samples": 11077,
  "labels": [
    "A",
    "B",
    "C",
    "D",
    "E",
    "F",
    "G",
    "H",
    "I",
    "K",
    "L",
    "M",
    "N",
    "O",
    "P",
    "Q",
    "R",
    "S",
    "T",
    "U",
    "V",
    "W",
    "X",
    "Y"
  ],
  "filtered_rare_labels": [
    "NOTHING"
  ],
  "classification_report": {
    "A": {
      "precision": 0.9931350114416476,
      "recall": 0.9931350114416476,
      "f1-score": 0.9931350114416476,
      "support": 437.0
    },
    "B": {
      "precision": 0.9977324263038548,
      "recall": 0.9977324263038548,
      "f1-score": 0.9977324263038548,
      "support": 441.0
    },
    "C": {
      "precision": 0.9948979591836735,
      "recall": 0.9974424552429667,
      "f1-score": 0.9961685823754789,
      "support": 391.0
    },
    "D": {
      "precision": 0.9819277108433735,
      "recall": 0.9939024390243902,
      "f1-score": 0.9878787878787879,
      "support": 492.0
    },
    "E": {
      "precision": 0.9891774891774892,
      "recall": 0.9913232104121475,
      "f1-score": 0.9902491874322861,
      "support": 461.0
    },
    "F": {
      "precision": 0.9930555555555556,
      "recall": 0.9982547993019197,
      "f1-score": 0.9956483899042646,
      "support": 573.0
    },
    "G": {
      "precision": 0.9897540983606558,
      "recall": 0.9938271604938271,
      "f1-score": 0.9917864476386037,
      "support": 486.0
    },
    "H": {
      "precision": 0.9916142557651991,
      "recall": 0.9936974789915967,
      "f1-score": 0.9926547743966422,
      "support": 476.0
    },
    "I": {
      "precision": 0.9915254237288136,
      "recall": 0.9811320754716981,
      "f1-score": 0.9863013698630136,
      "support": 477.0
    },
    "K": {
      "precision": 1.0,
      "recall": 0.9962894248608535,
      "f1-score": 0.9981412639405205,
      "support": 539.0
    },
    "L": {
      "precision": 0.996031746031746,
      "recall": 0.9920948616600791,
      "f1-score": 0.994059405940594,
      "support": 506.0
    },
    "M": {
      "precision": 0.9149560117302052,
      "recall": 0.9811320754716981,
      "f1-score": 0.9468892261001517,
      "support": 318.0
    },
    "N": {
      "precision": 0.9790794979079498,
      "recall": 0.9212598425196851,
      "f1-score": 0.949290060851927,
      "support": 254.0
    },
    "O": {
      "precision": 0.9888641425389755,
      "recall": 0.9823008849557522,
      "f1-score": 0.9855715871254163,
      "support": 452.0
    },
    "P": {
      "precision": 0.9926470588235294,
      "recall": 0.9926470588235294,
      "f1-score": 0.9926470588235294,
      "support": 408.0
    },
    "Q": {
      "precision": 0.9952380952380953,
      "recall": 0.9881796690307328,
      "f1-score": 0.9916963226571768,
      "support": 423.0
    },
    "R": {
      "precision": 0.9806949806949807,
      "recall": 0.996078431372549,
      "f1-score": 0.9883268482490273,
      "support": 510.0
    },
    "S": {
      "precision": 0.98635477582846,
      "recall": 0.9921568627450981,
      "f1-score": 0.989247311827957,
      "support": 510.0
    },
    "T": {
      "precision": 0.9957173447537473,
      "recall": 0.9851694915254238,
      "f1-score": 0.9904153354632588,
      "support": 472.0
    },
    "U": {
      "precision": 0.9979591836734694,
      "recall": 0.9741035856573705,
      "f1-score": 0.9858870967741935,
      "support": 502.0
    },
    "V": {
      "precision": 0.98828125,
      "recall": 0.9941060903732809,
      "f1-score": 0.9911851126346719,
      "support": 509.0
    },
    "W": {
      "precision": 0.9979423868312757,
      "recall": 0.9877800407331976,
      "f1-score": 0.9928352098259979,
      "support": 491.0
    },
    "X": {
      "precision": 0.9907621247113164,
      "recall": 0.9930555555555556,
      "f1-score": 0.991907514450867,
      "support": 432.0
    },
    "Y": {
      "precision": 0.9961315280464217,
      "recall": 0.9961315280464217,
      "f1-score": 0.9961315280464217,
      "support": 517.0
    },
    "accuracy": 0.9895278505010382,
    "macro avg": {
      "precision": 0.9884783357154348,
      "recall": 0.9880388525006364,
      "f1-score": 0.9881577441644288,
      "support": 11077.0
    },
    "weighted avg": {
      "precision": 0.9896995440556593,
      "recall": 0.9895278505010382,
      "f1-score": 0.9895431446063166,
      "support": 11077.0
    }
  },
  "model_output_path": "/home/senamorsin/Desktop/conference/models/letters/asl_letters_random_forest.joblib",
  "backend": "random_forest",
  "device": "cpu"
}